Server_ID,CPU_Usage_%,Memory_Usage_%,Disk_IO_MBps,Network_IO_MBps,Timestamp
GOO-1095,29.89,66.17,2.32,40.9,2025-07-01 00:00:00
GOO-1095,19.6,38.52,34.26,91.02,2025-07-02 00:00:00
GOO-1095,71.82,86.45,47.12,19.26,2025-07-03 00:00:00
GOO-1095,68.61,80.53,33.01,89.81,2025-07-04 00:00:00
GOO-1095,88.3,21.07,2.03,1.61,2025-07-05 00:00:00
GOO-1095,50.22,85.44,18.44,27.18,2025-07-06 00:00:00
GOO-1095,26.75,53.76,40.33,86.29,2025-07-07 00:00:00
AZU-1015,17,29,36.92,60.25,2025-07-01 00:00:00
AZU-1015,43.97,9.37,4.91,89.35,2025-07-02 00:00:00
AZU-1015,64.74,92.64,33.9,17.06,2025-07-03 00:00:00
AZU-1015,41.71,14.29,49.59,28.77,2025-07-04 00:00:00
AZU-1015,5.14,38.56,16.64,61.2,2025-07-05 00:00:00
AZU-1015,59.15,64.74,37.68,3.64,2025-07-06 00:00:00
AZU-1015,57.4,46.38,40.04,73.32,2025-07-07 00:00:00
EC2-1030,61.74,85.86,48.51,28.32,2025-07-01 00:00:00
EC2-1030,24.88,80.98,0.24,88.85,2025-07-02 00:00:00
EC2-1030,53.4,94,43.44,68.52,2025-07-03 00:00:00
EC2-1030,24.86,50.36,20.6,54.92,2025-07-04 00:00:00
EC2-1030,88.02,18.87,40.25,30.44,2025-07-05 00:00:00
EC2-1030,72.84,60.21,15.78,24.67,2025-07-06 00:00:00
EC2-1030,38.92,34.28,32.52,42.15,2025-07-07 00:00:00
S3-1158,75.38,5.17,7.29,57.79,2025-07-01 00:00:00
S3-1158,27.61,80.99,40.53,81.74,2025-07-02 00:00:00
S3-1158,74.05,67.56,1.96,24.75,2025-07-03 00:00:00
S3-1158,50.76,38.45,33.49,97,2025-07-04 00:00:00
S3-1158,86.91,48.1,0.36,33.61,2025-07-05 00:00:00
S3-1158,64.68,52.22,33.63,35.76,2025-07-06 00:00:00
S3-1158,76.84,79.31,6.45,70.61,2025-07-07 00:00:00
AZU-1128,21.19,47.95,44.36,47.82,2025-07-01 00:00:00
AZU-1128,81.74,63.52,44.96,31.9,2025-07-02 00:00:00
AZU-1128,15.75,19.52,33.06,79.96,2025-07-03 00:00:00
AZU-1128,33.02,91.83,22.78,30.3,2025-07-04 00:00:00
AZU-1128,15.18,18.4,4.34,84.62,2025-07-05 00:00:00
AZU-1128,36.34,14.85,33.25,66.29,2025-07-06 00:00:00
AZU-1128,9.01,68.95,46.23,14.52,2025-07-07 00:00:00
S3-1115,41.13,93.73,46.25,26.39,2025-07-01 00:00:00
S3-1115,11.71,86.41,12.67,90.92,2025-07-02 00:00:00
S3-1115,24.64,23.83,22.23,98.63,2025-07-03 00:00:00
S3-1115,28.3,32.36,30.76,9.84,2025-07-04 00:00:00
S3-1115,39.32,35.14,9.66,85.34,2025-07-05 00:00:00
S3-1115,18.9,55.07,41.63,29.96,2025-07-06 00:00:00
S3-1115,3.01,52.89,46.65,78.24,2025-07-07 00:00:00
GOO-1069,88.36,9.2,8.49,95.87,2025-07-01 00:00:00
GOO-1069,16.1,56.02,8.12,79.7,2025-07-02 00:00:00
GOO-1069,88.07,74.76,14.86,59.38,2025-07-03 00:00:00
GOO-1069,20.53,94.75,33.11,91.87,2025-07-04 00:00:00
GOO-1069,26.52,38.91,15,81.55,2025-07-05 00:00:00
GOO-1069,18.23,45.19,45.09,62.07,2025-07-06 00:00:00
GOO-1069,79.73,66.62,18.67,33.3,2025-07-07 00:00:00
S3-1170,40.1,87.9,47.27,51.16,2025-07-01 00:00:00
S3-1170,8.31,49.15,17.47,48.33,2025-07-02 00:00:00
S3-1170,44.04,81.11,19.15,58.28,2025-07-03 00:00:00
S3-1170,35.76,31.14,31.66,80.63,2025-07-04 00:00:00
S3-1170,45.57,90.91,11.2,0.24,2025-07-05 00:00:00
S3-1170,62.04,71.25,29.94,40.04,2025-07-06 00:00:00
S3-1170,59.68,92.43,37.92,73.94,2025-07-07 00:00:00
GOO-1174,21.53,87.81,43.92,12.24,2025-07-01 00:00:00
GOO-1174,26.7,20.86,45.51,98.75,2025-07-02 00:00:00
GOO-1174,24.74,7.38,36.18,71.62,2025-07-03 00:00:00
GOO-1174,53.22,65.67,18.04,64.28,2025-07-04 00:00:00
GOO-1174,54.19,25.5,25.93,3.53,2025-07-05 00:00:00
GOO-1174,18.04,62.17,2.91,54.07,2025-07-06 00:00:00
GOO-1174,17.84,61.46,11.55,37.4,2025-07-07 00:00:00
S3-1045,60.2,28.44,0.62,23.04,2025-07-01 00:00:00
S3-1045,3.9,46.4,33.23,74.62,2025-07-02 00:00:00
S3-1045,29.58,40.6,34.33,64.26,2025-07-03 00:00:00
S3-1045,84.23,46.39,45.82,33.77,2025-07-04 00:00:00
S3-1045,4.55,93.9,15.01,47.72,2025-07-05 00:00:00
S3-1045,14.35,78.85,41.49,65.62,2025-07-06 00:00:00
S3-1045,12.96,47.62,3.89,33.09,2025-07-07 00:00:00
RDS-1066,36.34,89.88,37.18,76.23,2025-07-01 00:00:00
RDS-1066,62.53,49.99,48.71,70.36,2025-07-02 00:00:00
RDS-1066,20.95,42.9,13.06,6.08,2025-07-03 00:00:00
RDS-1066,41.66,5.08,7.9,31.53,2025-07-04 00:00:00
RDS-1066,28.97,62.6,44.16,17.65,2025-07-05 00:00:00
RDS-1066,45.28,25.27,16.5,36.32,2025-07-06 00:00:00
RDS-1066,11.72,11.81,43.36,8.53,2025-07-07 00:00:00
RDS-1182,70.63,17.2,15.66,34.95,2025-07-01 00:00:00
RDS-1182,6.94,15.78,6.32,40.02,2025-07-02 00:00:00
RDS-1182,79.09,6.19,13.56,53.9,2025-07-03 00:00:00
RDS-1182,87.52,16.31,45.36,87.21,2025-07-04 00:00:00
RDS-1182,80.15,11.83,7.6,20.35,2025-07-05 00:00:00
RDS-1182,24.37,47.07,41.05,45.68,2025-07-06 00:00:00
RDS-1182,86.39,28.27,20.31,81.76,2025-07-07 00:00:00
RDS-1165,21.42,79.2,3.59,70.43,2025-07-01 00:00:00
RDS-1165,45.22,24.37,46.62,15.21,2025-07-02 00:00:00
RDS-1165,65.85,82.17,22.29,50.35,2025-07-03 00:00:00
RDS-1165,26.28,86.27,42.63,59.91,2025-07-04 00:00:00
RDS-1165,55.88,20.02,20.06,26.06,2025-07-05 00:00:00
RDS-1165,55.18,93.91,46.27,23.69,2025-07-06 00:00:00
RDS-1165,32.92,26.61,19.75,27.9,2025-07-07 00:00:00
AZU-1078,22.5,18.11,39.33,81.42,2025-07-01 00:00:00
AZU-1078,2.94,90.42,45.56,96.47,2025-07-02 00:00:00
AZU-1078,81.15,73.43,44.69,61.41,2025-07-03 00:00:00
AZU-1078,49.87,31.27,14.04,6.69,2025-07-04 00:00:00
AZU-1078,18,49.05,6.84,82.31,2025-07-05 00:00:00
AZU-1078,83.07,52.26,14.63,23.26,2025-07-06 00:00:00
AZU-1078,33.92,62.76,25.41,83.78,2025-07-07 00:00:00
S3-1186,88.09,19.77,41.36,47.31,2025-07-01 00:00:00
S3-1186,89.59,16.29,25.45,35.6,2025-07-02 00:00:00
S3-1186,66.11,15.42,18.51,69.7,2025-07-03 00:00:00
S3-1186,81.25,38.64,12.57,57.38,2025-07-04 00:00:00
S3-1186,71.4,70.78,12.77,22.82,2025-07-05 00:00:00
S3-1186,41.66,61.55,20.3,76.99,2025-07-06 00:00:00
S3-1186,63.12,66.22,20.03,36.42,2025-07-07 00:00:00
RDS-1177,44.88,49.95,43.02,26.92,2025-07-01 00:00:00
RDS-1177,59.37,63.29,42.54,60.51,2025-07-02 00:00:00
RDS-1177,53.55,33.81,37.58,21.06,2025-07-03 00:00:00
RDS-1177,45.91,59.95,36.3,48.36,2025-07-04 00:00:00
RDS-1177,58.89,33.69,10.6,24.45,2025-07-05 00:00:00
RDS-1177,27.41,32.9,39.2,32.66,2025-07-06 00:00:00
RDS-1177,53.39,33.75,6.23,45.57,2025-07-07 00:00:00
S3-1056,55.6,50.52,40.04,40.66,2025-07-01 00:00:00
S3-1056,57.57,65.48,45.69,53.07,2025-07-02 00:00:00
S3-1056,49.51,52.92,48.74,35.98,2025-07-03 00:00:00
S3-1056,35.34,94.59,49.23,37.33,2025-07-04 00:00:00
S3-1056,43.16,73.47,22.82,53.74,2025-07-05 00:00:00
S3-1056,37.82,51.49,42.2,24.31,2025-07-06 00:00:00
S3-1056,44.78,78.8,4.19,56.21,2025-07-07 00:00:00
RDS-1152,39.36,46.79,15.86,37.14,2025-07-01 00:00:00
RDS-1152,45.62,20.33,19.95,20.85,2025-07-02 00:00:00
RDS-1152,31.82,36.69,41.26,50.58,2025-07-03 00:00:00
RDS-1152,62.71,71.6,3.01,68.87,2025-07-04 00:00:00
RDS-1152,29.22,32.73,40.5,1.2,2025-07-05 00:00:00
RDS-1152,1.73,93.29,7.55,94.41,2025-07-06 00:00:00
RDS-1152,60.1,30.92,48.89,1.63,2025-07-07 00:00:00
EC2-1082,65.13,49.35,31.72,23.64,2025-07-01 00:00:00
EC2-1082,26.16,32.08,42.19,9.71,2025-07-02 00:00:00
EC2-1082,22.25,38.5,20.4,64.83,2025-07-03 00:00:00
EC2-1082,9.57,78.81,0.91,9.25,2025-07-04 00:00:00
EC2-1082,10.87,60.84,31.12,82.61,2025-07-05 00:00:00
EC2-1082,52.79,30.57,3.08,45.75,2025-07-06 00:00:00
EC2-1082,9.82,8.32,5.08,99.08,2025-07-07 00:00:00
EC2-1068,28.31,28.1,39.52,83.82,2025-07-01 00:00:00
EC2-1068,8.45,74.34,21.8,9.67,2025-07-02 00:00:00
EC2-1068,21.57,53.41,48.93,2.24,2025-07-03 00:00:00
EC2-1068,6.33,41.07,15.2,34.47,2025-07-04 00:00:00
EC2-1068,44.38,53.68,13.09,37.42,2025-07-05 00:00:00
EC2-1068,66,72.78,1.01,78.31,2025-07-06 00:00:00
EC2-1068,79.7,27.51,27.61,25.98,2025-07-07 00:00:00
GOO-1124,88.2,56.78,22.05,64.38,2025-07-01 00:00:00
GOO-1124,59.91,26.92,27.92,86.92,2025-07-02 00:00:00
GOO-1124,81.72,65.9,2.54,59.52,2025-07-03 00:00:00
GOO-1124,54.86,11.73,20.62,65.62,2025-07-04 00:00:00
GOO-1124,55.13,44.26,36.19,0.7,2025-07-05 00:00:00
GOO-1124,51.68,52.03,18.16,61.63,2025-07-06 00:00:00
GOO-1124,54.29,55.46,3.44,35.67,2025-07-07 00:00:00
EC2-1016,52.09,68.05,45.9,58.52,2025-07-01 00:00:00
EC2-1016,86.99,32.98,11.54,86.25,2025-07-02 00:00:00
EC2-1016,47.7,24.21,48.16,25.56,2025-07-03 00:00:00
EC2-1016,78.88,27.1,46.24,86.82,2025-07-04 00:00:00
EC2-1016,2.21,92.89,2.51,85.9,2025-07-05 00:00:00
EC2-1016,54.1,43.89,48.45,4.07,2025-07-06 00:00:00
EC2-1016,21.54,6.68,19.92,62.03,2025-07-07 00:00:00
AZU-1148,87.39,67.53,34.24,6.82,2025-07-01 00:00:00
AZU-1148,67.72,67.78,2.34,48.45,2025-07-02 00:00:00
AZU-1148,17.15,46.67,8.2,79.35,2025-07-03 00:00:00
AZU-1148,34.97,42.88,33.99,80.59,2025-07-04 00:00:00
AZU-1148,32.55,24.5,12.27,34.36,2025-07-05 00:00:00
AZU-1148,4.5,17.55,6.92,98.48,2025-07-06 00:00:00
AZU-1148,55.92,15.2,21.07,67.77,2025-07-07 00:00:00
S3-1093,29.65,54.53,3.48,28.63,2025-07-01 00:00:00
S3-1093,19.31,41.91,1.98,42.89,2025-07-02 00:00:00
S3-1093,54.26,91.08,19.95,49.77,2025-07-03 00:00:00
S3-1093,51.87,13.22,3.49,77.01,2025-07-04 00:00:00
S3-1093,72.48,11.27,20.68,46.93,2025-07-05 00:00:00
S3-1093,33.46,13.76,43.72,52.07,2025-07-06 00:00:00
S3-1093,1.93,68.12,32.21,2.83,2025-07-07 00:00:00
EC2-1065,22.61,37.46,42.25,74.94,2025-07-01 00:00:00
EC2-1065,7.05,45.24,6.92,42,2025-07-02 00:00:00
EC2-1065,36.08,76.65,28.53,55.09,2025-07-03 00:00:00
EC2-1065,75.71,84.8,22.35,58.8,2025-07-04 00:00:00
EC2-1065,57.1,60.47,18.52,90.89,2025-07-05 00:00:00
EC2-1065,59.56,71.46,29.96,37.77,2025-07-06 00:00:00
EC2-1065,89.11,88.99,32.65,55.47,2025-07-07 00:00:00
AZU-1060,87.14,48.78,38.73,89.35,2025-07-01 00:00:00
AZU-1060,79.9,58.91,38.61,13.84,2025-07-02 00:00:00
AZU-1060,66.43,25.92,23.18,45.25,2025-07-03 00:00:00
AZU-1060,32.13,29.1,20.46,68.06,2025-07-04 00:00:00
AZU-1060,22.42,67.64,42.13,58.51,2025-07-05 00:00:00
AZU-1060,2.02,72.64,7.8,99.02,2025-07-06 00:00:00
AZU-1060,55.48,17.11,34.76,64.36,2025-07-07 00:00:00
RDS-1084,37.4,71.14,36.06,61.46,2025-07-01 00:00:00
RDS-1084,1.73,85.79,24.71,5.92,2025-07-02 00:00:00
RDS-1084,1.06,35.55,9.27,2.49,2025-07-03 00:00:00
RDS-1084,59.78,36.54,13.09,68.76,2025-07-04 00:00:00
RDS-1084,39.42,73.37,29.78,85.23,2025-07-05 00:00:00
RDS-1084,58.95,35.38,49.85,74.86,2025-07-06 00:00:00
RDS-1084,75.01,18.7,49.42,16.15,2025-07-07 00:00:00
AZU-1067,68.97,7.29,20.73,38.81,2025-07-01 00:00:00
AZU-1067,80.66,69.38,33.24,46.25,2025-07-02 00:00:00
AZU-1067,28.95,87.3,29.58,61.2,2025-07-03 00:00:00
AZU-1067,83.36,7.54,22.89,69.87,2025-07-04 00:00:00
AZU-1067,52.98,57.76,39.91,19.95,2025-07-05 00:00:00
AZU-1067,75.67,29.32,34.49,98.45,2025-07-06 00:00:00
AZU-1067,33.37,70.39,39.7,85.97,2025-07-07 00:00:00
S3-1125,49.53,57.51,28.93,70.89,2025-07-01 00:00:00
S3-1125,40.69,12.93,48.39,0.34,2025-07-02 00:00:00
S3-1125,62.21,41.58,20.76,7.92,2025-07-03 00:00:00
S3-1125,20.62,44.78,13.74,67.89,2025-07-04 00:00:00
S3-1125,66.77,31.02,8.13,47.17,2025-07-05 00:00:00
S3-1125,51.64,5.54,7.45,18.04,2025-07-06 00:00:00
S3-1125,62.74,38.32,28.31,59.89,2025-07-07 00:00:00
GOO-1132,38.53,7.32,17.2,61.44,2025-07-01 00:00:00
GOO-1132,66.3,20.5,20.5,21.49,2025-07-02 00:00:00
GOO-1132,10.71,29.91,43.62,82.96,2025-07-03 00:00:00
GOO-1132,85.15,69,47.94,58.42,2025-07-04 00:00:00
GOO-1132,27.07,80.82,38.41,55.99,2025-07-05 00:00:00
GOO-1132,62.8,53.39,25.63,74.09,2025-07-06 00:00:00
GOO-1132,49.82,33.77,23.17,25.41,2025-07-07 00:00:00
RDS-1009,58.22,72.86,45.91,4.66,2025-07-01 00:00:00
RDS-1009,70.24,55.14,34.58,56.12,2025-07-02 00:00:00
RDS-1009,34.15,86.36,11.93,87.52,2025-07-03 00:00:00
RDS-1009,44.3,72.69,20.47,27.21,2025-07-04 00:00:00
RDS-1009,69.08,83.32,34.28,16.93,2025-07-05 00:00:00
RDS-1009,49.39,73.41,47.26,35.2,2025-07-06 00:00:00
RDS-1009,23.56,13.88,7.76,67.83,2025-07-07 00:00:00
EC2-1018,18.49,66.93,48.4,66.01,2025-07-01 00:00:00
EC2-1018,29,36.9,27.95,54.79,2025-07-02 00:00:00
EC2-1018,41.12,94.88,47.79,73.06,2025-07-03 00:00:00
EC2-1018,66.82,50.92,29.44,49.63,2025-07-04 00:00:00
EC2-1018,80.82,17.26,2.05,35.91,2025-07-05 00:00:00
EC2-1018,18.86,16.54,28.57,64.04,2025-07-06 00:00:00
EC2-1018,64.21,81.16,20.27,40.15,2025-07-07 00:00:00
RDS-1055,74.97,90.87,7.83,66.44,2025-07-01 00:00:00
RDS-1055,44.3,17.36,49.2,56.25,2025-07-02 00:00:00
RDS-1055,2.18,87.82,21.29,28.26,2025-07-03 00:00:00
RDS-1055,42.06,53.05,19.21,83.5,2025-07-04 00:00:00
RDS-1055,62.29,69.4,10.17,27.09,2025-07-05 00:00:00
RDS-1055,16.44,83.46,32.82,70.61,2025-07-06 00:00:00
RDS-1055,26.33,79.08,43.58,84.13,2025-07-07 00:00:00
EC2-1075,32.06,83.5,46.62,90.26,2025-07-01 00:00:00
EC2-1075,74.26,55.35,31.38,52.56,2025-07-02 00:00:00
EC2-1075,31.2,68.2,44.04,6.46,2025-07-03 00:00:00
EC2-1075,79.58,79.63,5.14,36.87,2025-07-04 00:00:00
EC2-1075,55.18,61.94,43.72,37.23,2025-07-05 00:00:00
EC2-1075,23.9,59.07,27.85,68.25,2025-07-06 00:00:00
EC2-1075,71.34,56.19,31.77,89.32,2025-07-07 00:00:00
RDS-1150,13.97,15.35,1.29,9.82,2025-07-01 00:00:00
RDS-1150,56.95,73.9,14.42,79.83,2025-07-02 00:00:00
RDS-1150,15.77,90.19,33.09,68.96,2025-07-03 00:00:00
RDS-1150,73.69,94.28,36.42,18.41,2025-07-04 00:00:00
RDS-1150,83.46,47.63,4.1,35.89,2025-07-05 00:00:00
RDS-1150,84.12,44.58,18.88,74.55,2025-07-06 00:00:00
RDS-1150,17.22,25.18,23.88,40.79,2025-07-07 00:00:00
GOO-1104,19.7,13.95,46.58,72.19,2025-07-01 00:00:00
GOO-1104,10.83,26.32,33.87,98.7,2025-07-02 00:00:00
GOO-1104,6.07,77.65,42.61,7.81,2025-07-03 00:00:00
GOO-1104,43.65,81.58,30.16,100,2025-07-04 00:00:00
GOO-1104,22,22.88,14.39,60.72,2025-07-05 00:00:00
GOO-1104,60.71,75.94,7.35,64.96,2025-07-06 00:00:00
GOO-1104,19.28,19.8,2.84,32.27,2025-07-07 00:00:00
RDS-1135,65.08,45.42,34.18,95.03,2025-07-01 00:00:00
RDS-1135,44.06,26.53,31.28,92.26,2025-07-02 00:00:00
RDS-1135,47.89,54.01,23.95,11.96,2025-07-03 00:00:00
RDS-1135,35.43,78.63,26.52,4.06,2025-07-04 00:00:00
RDS-1135,54.58,79.57,11.26,56.02,2025-07-05 00:00:00
RDS-1135,71.07,85.01,12.37,64.5,2025-07-06 00:00:00
RDS-1135,18.28,22.09,37.59,27.33,2025-07-07 00:00:00
AZU-1137,67.13,81.29,2.34,66.84,2025-07-01 00:00:00
AZU-1137,18.48,78.11,25.4,77.6,2025-07-02 00:00:00
AZU-1137,56.15,35.98,28.37,61.94,2025-07-03 00:00:00
AZU-1137,9.6,42.5,0.99,58.32,2025-07-04 00:00:00
AZU-1137,47.59,75.56,43.24,9.8,2025-07-05 00:00:00
AZU-1137,72.21,10.92,42.28,47.05,2025-07-06 00:00:00
AZU-1137,29.67,83.34,11.58,61.29,2025-07-07 00:00:00
EC2-1164,63.13,87.14,32.33,31.28,2025-07-01 00:00:00
EC2-1164,1.45,9.8,24.12,15.48,2025-07-02 00:00:00
EC2-1164,13.71,93.01,3.53,89.29,2025-07-03 00:00:00
EC2-1164,36.75,75.19,41.5,96.08,2025-07-04 00:00:00
EC2-1164,66.66,48.95,28.8,98.14,2025-07-05 00:00:00
EC2-1164,76.74,47.23,20.74,40.8,2025-07-06 00:00:00
EC2-1164,8.9,80.46,14.76,40.09,2025-07-07 00:00:00
S3-1076,55.67,37.2,11.65,49.1,2025-07-01 00:00:00
S3-1076,33.24,48.13,36.44,47.76,2025-07-02 00:00:00
S3-1076,25.25,7.08,12.17,93.21,2025-07-03 00:00:00
S3-1076,28.62,11.28,37.61,84.07,2025-07-04 00:00:00
S3-1076,77.78,55.86,4.55,48.13,2025-07-05 00:00:00
S3-1076,4.77,66.87,14.02,91.61,2025-07-06 00:00:00
S3-1076,72.98,29.69,8.85,95.43,2025-07-07 00:00:00
RDS-1079,37.48,44.82,26.57,35.96,2025-07-01 00:00:00
RDS-1079,61.15,82.94,35.38,28.62,2025-07-02 00:00:00
RDS-1079,25.93,47.44,21.46,40.15,2025-07-03 00:00:00
RDS-1079,46.13,18.32,15.86,31.86,2025-07-04 00:00:00
RDS-1079,12.8,79.65,3.04,92.2,2025-07-05 00:00:00
RDS-1079,30.56,63.76,8.86,10.21,2025-07-06 00:00:00
RDS-1079,13.85,78.34,34.17,69.33,2025-07-07 00:00:00
EC2-1197,88.89,36.3,18.15,71.29,2025-07-01 00:00:00
EC2-1197,32.68,50.81,26.81,34.49,2025-07-02 00:00:00
EC2-1197,33.8,22.78,1.43,16.8,2025-07-03 00:00:00
EC2-1197,33.59,86.39,5.06,98.98,2025-07-04 00:00:00
EC2-1197,69.33,7.09,8.65,72.03,2025-07-05 00:00:00
EC2-1197,11.55,40.11,40.69,41.16,2025-07-06 00:00:00
EC2-1197,76.98,73.43,5.34,18.54,2025-07-07 00:00:00
RDS-1038,34.75,21.59,48.32,59.25,2025-07-01 00:00:00
RDS-1038,8.19,69.55,5.52,20.86,2025-07-02 00:00:00
RDS-1038,61.67,37.26,5.05,48.2,2025-07-03 00:00:00
RDS-1038,81.85,62.54,17.39,42.66,2025-07-04 00:00:00
RDS-1038,74.17,38.34,21.49,62.53,2025-07-05 00:00:00
RDS-1038,56.2,61.17,27.78,92.96,2025-07-06 00:00:00
RDS-1038,88.15,57.18,46.86,25.17,2025-07-07 00:00:00
AZU-1024,13.84,41.27,2.69,90.46,2025-07-01 00:00:00
AZU-1024,3.01,74.67,4.89,15.97,2025-07-02 00:00:00
AZU-1024,65.51,77.05,41.73,41.77,2025-07-03 00:00:00
AZU-1024,3.3,62.81,18.57,56.37,2025-07-04 00:00:00
AZU-1024,52.91,48.43,21.88,77.96,2025-07-05 00:00:00
AZU-1024,22.25,92.42,26.7,40.33,2025-07-06 00:00:00
AZU-1024,66.52,12.24,3.07,78.9,2025-07-07 00:00:00
EC2-1122,89.96,22.64,28.69,21.73,2025-07-01 00:00:00
EC2-1122,6,77.79,9.81,40.23,2025-07-02 00:00:00
EC2-1122,4.02,54.7,27.47,76.17,2025-07-03 00:00:00
EC2-1122,46.34,33.12,27.51,34.45,2025-07-04 00:00:00
EC2-1122,3.14,62.59,40.5,46.09,2025-07-05 00:00:00
EC2-1122,15.93,86.04,41.51,19.64,2025-07-06 00:00:00
EC2-1122,13.49,46.93,25.84,34.93,2025-07-07 00:00:00
AZU-1195,87.2,29.09,18.68,97.99,2025-07-01 00:00:00
AZU-1195,56.94,84.52,9.06,78.44,2025-07-02 00:00:00
AZU-1195,63.37,57.44,15.24,95.13,2025-07-03 00:00:00
AZU-1195,5.59,63.16,19.09,20.54,2025-07-04 00:00:00
AZU-1195,12.07,37.43,25.95,92.43,2025-07-05 00:00:00
AZU-1195,28.55,16.01,8.11,99.39,2025-07-06 00:00:00
AZU-1195,52.45,69.61,40.37,4.65,2025-07-07 00:00:00
RDS-1029,1.7,86.84,2.98,54.9,2025-07-01 00:00:00
RDS-1029,49.84,73.93,30.71,90.7,2025-07-02 00:00:00
RDS-1029,53.58,80.55,33.87,70.13,2025-07-03 00:00:00
RDS-1029,22.71,59.56,20.93,82.93,2025-07-04 00:00:00
RDS-1029,42.57,89.82,35.45,2.84,2025-07-05 00:00:00
RDS-1029,1.76,14.04,33.64,98.21,2025-07-06 00:00:00
RDS-1029,68.7,62.99,27.41,63.78,2025-07-07 00:00:00
AZU-1019,42.99,39.98,14.47,34.97,2025-07-01 00:00:00
AZU-1019,8.47,62.72,25.11,4.89,2025-07-02 00:00:00
AZU-1019,25.23,53.44,26.65,19.87,2025-07-03 00:00:00
AZU-1019,66.96,33.33,9.03,54.02,2025-07-04 00:00:00
AZU-1019,33.59,28.29,40.43,57.87,2025-07-05 00:00:00
AZU-1019,18.43,80.15,31.62,6.52,2025-07-06 00:00:00
AZU-1019,6.64,46.46,10.95,65.26,2025-07-07 00:00:00
AZU-1143,75.87,35.47,14.85,84.3,2025-07-01 00:00:00
AZU-1143,18.89,38.91,39.61,75.23,2025-07-02 00:00:00
AZU-1143,86.8,86.12,42.57,7.31,2025-07-03 00:00:00
AZU-1143,10.53,26.47,24.95,43.15,2025-07-04 00:00:00
AZU-1143,37.66,40.7,28.07,92.2,2025-07-05 00:00:00
AZU-1143,12.2,46.93,37.93,7.94,2025-07-06 00:00:00
AZU-1143,62.2,36.45,14.38,13.13,2025-07-07 00:00:00
AZU-1086,3.88,51.76,1.69,72.5,2025-07-01 00:00:00
AZU-1086,60.65,68.36,16.97,9.57,2025-07-02 00:00:00
AZU-1086,82.27,16.26,36.16,77.45,2025-07-03 00:00:00
AZU-1086,77.56,9.17,1.11,27.19,2025-07-04 00:00:00
AZU-1086,23.41,82.02,5.14,97.61,2025-07-05 00:00:00
AZU-1086,64.17,69.16,24.15,50.59,2025-07-06 00:00:00
AZU-1086,49.64,48.56,13.06,25.69,2025-07-07 00:00:00
EC2-1114,5.54,44.57,44.82,75.74,2025-07-01 00:00:00
EC2-1114,63.03,67.99,6.55,61.5,2025-07-02 00:00:00
EC2-1114,54.07,54.77,36.71,95.53,2025-07-03 00:00:00
EC2-1114,57.74,28.65,29.05,42.41,2025-07-04 00:00:00
EC2-1114,77.37,18.63,34.18,54.42,2025-07-05 00:00:00
EC2-1114,30.98,34.12,27.98,5.7,2025-07-06 00:00:00
EC2-1114,40.06,27.4,33.98,61.4,2025-07-07 00:00:00
AZU-1173,25.82,57.26,46.78,19.77,2025-07-01 00:00:00
AZU-1173,66.43,28.94,1.27,29.13,2025-07-02 00:00:00
AZU-1173,57.15,10.64,41.01,8.47,2025-07-03 00:00:00
AZU-1173,14.43,85.83,22.28,73.96,2025-07-04 00:00:00
AZU-1173,86.55,60.41,47.17,69.22,2025-07-05 00:00:00
AZU-1173,55.52,83.53,38,85.31,2025-07-06 00:00:00
AZU-1173,18.54,22.19,1.5,16.83,2025-07-07 00:00:00
RDS-1005,7.28,33.85,6.19,33.9,2025-07-01 00:00:00
RDS-1005,36.57,56.08,10.41,79.25,2025-07-02 00:00:00
RDS-1005,84.23,87.49,44.7,4.31,2025-07-03 00:00:00
RDS-1005,75.35,5.89,4.24,20.75,2025-07-04 00:00:00
RDS-1005,42,18.56,20.75,9.68,2025-07-05 00:00:00
RDS-1005,74.86,58.26,34.19,55.35,2025-07-06 00:00:00
RDS-1005,44.65,84.07,46.15,20.94,2025-07-07 00:00:00
S3-1126,26.14,17.07,19.47,5.02,2025-07-01 00:00:00
S3-1126,53.51,93.57,44.69,55.52,2025-07-02 00:00:00
S3-1126,48.49,70.8,35.04,50.95,2025-07-03 00:00:00
S3-1126,20.23,32.95,43.81,82.28,2025-07-04 00:00:00
S3-1126,10.93,68.94,16.79,47.33,2025-07-05 00:00:00
S3-1126,40.46,24.25,31.58,58.53,2025-07-06 00:00:00
S3-1126,53.98,44.51,40.23,40.4,2025-07-07 00:00:00
AZU-1117,27.18,74.01,20.91,5.18,2025-07-01 00:00:00
AZU-1117,27.38,22.86,2.09,19.63,2025-07-02 00:00:00
AZU-1117,69.96,85.55,44.99,53.26,2025-07-03 00:00:00
AZU-1117,83.97,75.47,13.12,82.18,2025-07-04 00:00:00
AZU-1117,77.28,29.38,43.61,53.56,2025-07-05 00:00:00
AZU-1117,1.59,12.08,15.5,52.79,2025-07-06 00:00:00
AZU-1117,85.76,87.67,6.48,31.77,2025-07-07 00:00:00
S3-1073,78.96,15.46,38.12,33.6,2025-07-01 00:00:00
S3-1073,67.31,7.74,25.69,15.01,2025-07-02 00:00:00
S3-1073,41.71,78.8,1.25,85.24,2025-07-03 00:00:00
S3-1073,6.77,81.65,19.38,65.89,2025-07-04 00:00:00
S3-1073,35.78,24.72,24.1,26.96,2025-07-05 00:00:00
S3-1073,63.03,39.49,31.51,73.88,2025-07-06 00:00:00
S3-1073,38.39,36.17,20.27,11.96,2025-07-07 00:00:00
AZU-1140,74.63,6.08,48.7,13.94,2025-07-01 00:00:00
AZU-1140,44.14,90.39,0.92,82.95,2025-07-02 00:00:00
AZU-1140,88.02,27.68,44.08,78.99,2025-07-03 00:00:00
AZU-1140,85.12,72.09,39.01,60.14,2025-07-04 00:00:00
AZU-1140,78.05,94.92,40.43,68.09,2025-07-05 00:00:00
AZU-1140,1.59,38.31,41.51,58.79,2025-07-06 00:00:00
AZU-1140,16.43,66.84,13.7,62.62,2025-07-07 00:00:00
S3-1098,8.28,27.35,47.6,7.57,2025-07-01 00:00:00
S3-1098,65.67,65.54,25.5,39.21,2025-07-02 00:00:00
S3-1098,67.2,88.76,30.24,88.18,2025-07-03 00:00:00
S3-1098,48.54,25.09,48.03,36.53,2025-07-04 00:00:00
S3-1098,36.7,28.95,38.1,23.41,2025-07-05 00:00:00
S3-1098,50.06,89.42,23.53,71.34,2025-07-06 00:00:00
S3-1098,36,78.56,44.99,63.83,2025-07-07 00:00:00
EC2-1172,21.03,21.07,47.23,33.79,2025-07-01 00:00:00
EC2-1172,29.03,27.49,25.41,41.09,2025-07-02 00:00:00
EC2-1172,7.21,47.3,17.26,8.99,2025-07-03 00:00:00
EC2-1172,21.46,28.38,26.16,8.29,2025-07-04 00:00:00
EC2-1172,11.08,30.75,41.22,66.62,2025-07-05 00:00:00
EC2-1172,63.8,11.99,35.09,98.4,2025-07-06 00:00:00
EC2-1172,82.53,6.43,1.25,41.48,2025-07-07 00:00:00
RDS-1096,47.76,53.85,22.73,8.43,2025-07-01 00:00:00
RDS-1096,33.27,19.1,47.01,10.8,2025-07-02 00:00:00
RDS-1096,66.37,54.65,3.39,0.88,2025-07-03 00:00:00
RDS-1096,18.53,58.8,24.98,71.17,2025-07-04 00:00:00
RDS-1096,79.64,54.47,32.43,44.27,2025-07-05 00:00:00
RDS-1096,59.36,6.58,35.51,89.88,2025-07-06 00:00:00
RDS-1096,5.45,32.37,30.5,18.7,2025-07-07 00:00:00
GOO-1169,82.48,78.55,1.95,87.15,2025-07-01 00:00:00
GOO-1169,24.64,38.51,37.48,42.02,2025-07-02 00:00:00
GOO-1169,61.63,72.84,7.58,82.14,2025-07-03 00:00:00
GOO-1169,55.43,44.2,0.67,80.42,2025-07-04 00:00:00
GOO-1169,49.33,30.96,3.34,91.51,2025-07-05 00:00:00
GOO-1169,32.69,69.62,2.65,80.63,2025-07-06 00:00:00
GOO-1169,38.82,64.69,21.52,56.74,2025-07-07 00:00:00
AZU-1097,34.54,10.42,3.35,82.16,2025-07-01 00:00:00
AZU-1097,55.6,71.59,37.94,93.16,2025-07-02 00:00:00
AZU-1097,76.52,84.34,24.34,62,2025-07-03 00:00:00
AZU-1097,64.99,22.4,9.25,96.16,2025-07-04 00:00:00
AZU-1097,55.68,32.12,9.92,95.98,2025-07-05 00:00:00
AZU-1097,55.56,83.27,0.34,33.95,2025-07-06 00:00:00
AZU-1097,22.07,10.92,11,98.75,2025-07-07 00:00:00
S3-1031,1.64,56.11,26.28,27.45,2025-07-01 00:00:00
S3-1031,50.31,27.53,10.41,71.28,2025-07-02 00:00:00
S3-1031,26.05,24.3,17.11,55.69,2025-07-03 00:00:00
S3-1031,36.38,75.84,8.53,97.86,2025-07-04 00:00:00
S3-1031,79.17,49.6,27.09,39.31,2025-07-05 00:00:00
S3-1031,18.71,64.46,46.9,99.87,2025-07-06 00:00:00
S3-1031,20.17,85.92,24.67,91.18,2025-07-07 00:00:00
AZU-1012,4.25,91.1,4.73,92.48,2025-07-01 00:00:00
AZU-1012,2.33,10.64,15.32,92.06,2025-07-02 00:00:00
AZU-1012,20.1,9.26,38.21,67.19,2025-07-03 00:00:00
AZU-1012,82.26,79.36,9.98,57.83,2025-07-04 00:00:00
AZU-1012,68.93,77.54,7.97,98.38,2025-07-05 00:00:00
AZU-1012,64.7,46.47,0.34,5.7,2025-07-06 00:00:00
AZU-1012,47.27,48.3,37.61,68.05,2025-07-07 00:00:00
AZU-1035,17.21,81.35,42.16,51.38,2025-07-01 00:00:00
AZU-1035,80.89,60.84,7.47,82.29,2025-07-02 00:00:00
AZU-1035,21.48,29.61,21.46,81.8,2025-07-03 00:00:00
AZU-1035,72.98,32.5,40.39,55.21,2025-07-04 00:00:00
AZU-1035,46.09,26.32,30.39,84.41,2025-07-05 00:00:00
AZU-1035,54.36,79.7,0.94,55.66,2025-07-06 00:00:00
AZU-1035,88.96,20.66,5.65,36.54,2025-07-07 00:00:00
AZU-1119,14.81,34.92,40.62,93.91,2025-07-01 00:00:00
AZU-1119,11.59,40.79,21.99,11.89,2025-07-02 00:00:00
AZU-1119,49.17,93.66,41.14,15.82,2025-07-03 00:00:00
AZU-1119,59.7,56.87,46.29,67.36,2025-07-04 00:00:00
AZU-1119,31.11,19.41,29.62,48.32,2025-07-05 00:00:00
AZU-1119,79.56,18.55,40.37,48.42,2025-07-06 00:00:00
AZU-1119,35.08,90.28,3.04,57.65,2025-07-07 00:00:00
GOO-1042,82.22,19.53,20.55,40.21,2025-07-01 00:00:00
GOO-1042,7.97,21.69,6.12,55.85,2025-07-02 00:00:00
GOO-1042,60.6,28.23,16.34,44.72,2025-07-03 00:00:00
GOO-1042,45.05,49.37,21.72,69.96,2025-07-04 00:00:00
GOO-1042,58.46,72.29,45.76,91.22,2025-07-05 00:00:00
GOO-1042,88.65,56.26,48.06,50.74,2025-07-06 00:00:00
GOO-1042,29.14,27.9,7.26,4.78,2025-07-07 00:00:00
AZU-1189,20.07,69.75,10.1,16.96,2025-07-01 00:00:00
AZU-1189,53.05,88.47,17.96,90.59,2025-07-02 00:00:00
AZU-1189,45.48,44.82,41.48,71.56,2025-07-03 00:00:00
AZU-1189,57.49,91.75,25.73,72.25,2025-07-04 00:00:00
AZU-1189,31.32,12.67,47.74,83.27,2025-07-05 00:00:00
AZU-1189,73.56,24.38,21.97,45.65,2025-07-06 00:00:00
AZU-1189,37.98,57.31,8.12,52.27,2025-07-07 00:00:00
GOO-1090,54.83,12.11,11.18,57.24,2025-07-01 00:00:00
GOO-1090,55.61,84.11,49.59,21.06,2025-07-02 00:00:00
GOO-1090,33.46,65.4,5.85,99.09,2025-07-03 00:00:00
GOO-1090,61.93,90.8,11.27,8.32,2025-07-04 00:00:00
GOO-1090,74.88,86.57,0.34,43.26,2025-07-05 00:00:00
GOO-1090,18,87.26,40.8,44.26,2025-07-06 00:00:00
GOO-1090,53.66,17.57,24.72,49.86,2025-07-07 00:00:00
EC2-1136,25.45,80.16,17.01,98.99,2025-07-01 00:00:00
EC2-1136,75.59,59.58,22.78,20.89,2025-07-02 00:00:00
EC2-1136,2.27,40.18,48.95,56.31,2025-07-03 00:00:00
EC2-1136,47.19,58.1,13.87,15.42,2025-07-04 00:00:00
EC2-1136,47.95,66.62,37.09,1.78,2025-07-05 00:00:00
EC2-1136,58.87,22.61,3.4,78.73,2025-07-06 00:00:00
EC2-1136,88.48,77.69,39.1,67.67,2025-07-07 00:00:00
S3-1051,5.35,46.2,13.34,69,2025-07-01 00:00:00
S3-1051,18.11,36.23,38.82,15.33,2025-07-02 00:00:00
S3-1051,1.55,77.64,45.9,56.56,2025-07-03 00:00:00
S3-1051,82.02,71.61,23.54,46.94,2025-07-04 00:00:00
S3-1051,32.37,80.6,30.17,13.93,2025-07-05 00:00:00
S3-1051,78.85,5.65,1.72,54.32,2025-07-06 00:00:00
S3-1051,70.39,18.14,2.45,95.35,2025-07-07 00:00:00
AZU-1127,45.92,47.9,29.23,20.42,2025-07-01 00:00:00
AZU-1127,21.59,27.57,41.2,75.36,2025-07-02 00:00:00
AZU-1127,81.19,85.86,12.75,30.41,2025-07-03 00:00:00
AZU-1127,4.19,23.99,29.12,39.61,2025-07-04 00:00:00
AZU-1127,31.31,65.56,32.55,85.02,2025-07-05 00:00:00
AZU-1127,28.64,48.78,27.78,7.26,2025-07-06 00:00:00
AZU-1127,26.36,15.19,38.03,58.46,2025-07-07 00:00:00
S3-1162,66.65,8.33,42.1,73.59,2025-07-01 00:00:00
S3-1162,82.98,94.03,25.37,61.7,2025-07-02 00:00:00
S3-1162,76.15,5.86,2.3,85.89,2025-07-03 00:00:00
S3-1162,30.31,30.42,20.82,71.31,2025-07-04 00:00:00
S3-1162,31.62,50.04,22.12,90.23,2025-07-05 00:00:00
S3-1162,18.12,7.37,33.58,50.15,2025-07-06 00:00:00
S3-1162,47.86,46.06,40.13,96.47,2025-07-07 00:00:00
EC2-1041,27.05,25.43,22.44,44.6,2025-07-01 00:00:00
EC2-1041,32.97,20.03,19.6,43.82,2025-07-02 00:00:00
EC2-1041,58.55,82.92,31.38,58.12,2025-07-03 00:00:00
EC2-1041,16.42,39.94,42.35,51.44,2025-07-04 00:00:00
EC2-1041,3.18,7.08,33.91,68.52,2025-07-05 00:00:00
EC2-1041,19.56,20.63,1.66,70.02,2025-07-06 00:00:00
EC2-1041,71.88,73.42,3.13,18.84,2025-07-07 00:00:00
RDS-1118,73.62,65.27,2.54,22.84,2025-07-01 00:00:00
RDS-1118,65.29,88.1,42.46,4.97,2025-07-02 00:00:00
RDS-1118,35.78,41.65,13.09,27.52,2025-07-03 00:00:00
RDS-1118,31.19,40.19,46.23,81.85,2025-07-04 00:00:00
RDS-1118,89.36,63.46,47.57,20.89,2025-07-05 00:00:00
RDS-1118,30.32,86.16,30.27,37.04,2025-07-06 00:00:00
RDS-1118,20.54,26.19,7.22,23.96,2025-07-07 00:00:00
EC2-1113,35.47,88.15,21.56,56.3,2025-07-01 00:00:00
EC2-1113,19.19,87.81,42.1,94.38,2025-07-02 00:00:00
EC2-1113,84.45,24.81,26.87,10.24,2025-07-03 00:00:00
EC2-1113,63.88,27.26,22.92,87,2025-07-04 00:00:00
EC2-1113,64.88,37.42,7.26,32.12,2025-07-05 00:00:00
EC2-1113,19.58,26.8,1.5,75.16,2025-07-06 00:00:00
EC2-1113,46.93,76.26,48.92,93.82,2025-07-07 00:00:00
RDS-1026,38.04,44.1,40.43,13.29,2025-07-01 00:00:00
RDS-1026,21.16,85.17,20.48,8.22,2025-07-02 00:00:00
RDS-1026,15.2,59.61,47.04,84.91,2025-07-03 00:00:00
RDS-1026,47.74,49.27,20.42,76.37,2025-07-04 00:00:00
RDS-1026,27.96,37.27,40.48,54.2,2025-07-05 00:00:00
RDS-1026,19.73,19.96,28.06,24.23,2025-07-06 00:00:00
RDS-1026,83.57,31.92,40.85,72.27,2025-07-07 00:00:00
GOO-1139,81,25.65,36.12,68.42,2025-07-01 00:00:00
GOO-1139,51.1,89.48,12.51,13.15,2025-07-02 00:00:00
GOO-1139,58.57,57.63,12.63,38.04,2025-07-03 00:00:00
GOO-1139,71.37,27.44,44.95,83.78,2025-07-04 00:00:00
GOO-1139,31.12,79.89,39.32,51.47,2025-07-05 00:00:00
GOO-1139,39.83,18.81,18.8,78.39,2025-07-06 00:00:00
GOO-1139,1.88,6.12,49,65.27,2025-07-07 00:00:00
AZU-1100,37.8,6.52,38.77,16.66,2025-07-01 00:00:00
AZU-1100,5.62,74.61,16.64,73.34,2025-07-02 00:00:00
AZU-1100,39.99,9.93,29.89,67.84,2025-07-03 00:00:00
AZU-1100,77.97,92.84,12.11,69.81,2025-07-04 00:00:00
AZU-1100,85.1,13.94,3.8,6.21,2025-07-05 00:00:00
AZU-1100,48.06,5.59,20.87,36.64,2025-07-06 00:00:00
AZU-1100,12.8,41.52,28.39,49.2,2025-07-07 00:00:00
EC2-1111,57.57,78.63,9.57,23.7,2025-07-01 00:00:00
EC2-1111,3.59,56.72,7.49,90.55,2025-07-02 00:00:00
EC2-1111,11.53,82.82,31.22,42.49,2025-07-03 00:00:00
EC2-1111,1.99,46.9,17.41,16.08,2025-07-04 00:00:00
EC2-1111,46.58,22.83,21.73,32.14,2025-07-05 00:00:00
EC2-1111,27.02,76.26,25.73,86.2,2025-07-06 00:00:00
EC2-1111,30.97,33.11,46.34,94.92,2025-07-07 00:00:00
S3-1002,54.86,34.31,45.35,49.27,2025-07-01 00:00:00
S3-1002,28.88,7.21,33.92,58.81,2025-07-02 00:00:00
S3-1002,5.18,24.79,32,24.75,2025-07-03 00:00:00
S3-1002,38.32,47.77,28.92,1.36,2025-07-04 00:00:00
S3-1002,71.13,19.12,27.98,76.48,2025-07-05 00:00:00
S3-1002,45.07,28.07,47.04,76.08,2025-07-06 00:00:00
S3-1002,3.78,30.4,3.65,90.27,2025-07-07 00:00:00
RDS-1077,59.79,70.12,36.1,75.02,2025-07-01 00:00:00
RDS-1077,58.69,45.94,27.47,53.61,2025-07-02 00:00:00
RDS-1077,4.8,82.28,47.52,51.91,2025-07-03 00:00:00
RDS-1077,68.93,38.16,17.37,58.18,2025-07-04 00:00:00
RDS-1077,83.43,18.27,0.51,37.19,2025-07-05 00:00:00
RDS-1077,71.83,56.76,3.31,90.12,2025-07-06 00:00:00
RDS-1077,66.48,84.29,10.26,45.54,2025-07-07 00:00:00
EC2-1046,15.48,16.66,38.42,2.96,2025-07-01 00:00:00
EC2-1046,34.6,69.71,48.35,26.31,2025-07-02 00:00:00
EC2-1046,17.84,10.96,41.87,61.41,2025-07-03 00:00:00
EC2-1046,8.73,36.3,15.66,21.09,2025-07-04 00:00:00
EC2-1046,40.19,56.78,21.35,58.57,2025-07-05 00:00:00
EC2-1046,24.84,67.58,25.48,67.86,2025-07-06 00:00:00
EC2-1046,72.15,62.12,0.89,12.54,2025-07-07 00:00:00
EC2-1187,65.82,84.51,39.85,92.83,2025-07-01 00:00:00
EC2-1187,66.39,57.67,6.63,51.46,2025-07-02 00:00:00
EC2-1187,73.75,36.66,32.79,25.57,2025-07-03 00:00:00
EC2-1187,5.19,84.2,37.23,7.01,2025-07-04 00:00:00
EC2-1187,65.01,77.92,48.79,79.17,2025-07-05 00:00:00
EC2-1187,50.37,45.78,35.01,3.37,2025-07-06 00:00:00
EC2-1187,59.8,28.16,45.18,55.58,2025-07-07 00:00:00
AZU-1191,67.26,86.87,14.49,17.35,2025-07-01 00:00:00
AZU-1191,19.95,93.05,4.77,79.95,2025-07-02 00:00:00
AZU-1191,40.2,72.53,27.55,88.84,2025-07-03 00:00:00
AZU-1191,8.66,67.19,14.09,24.38,2025-07-04 00:00:00
AZU-1191,60.43,17.89,20.99,90.16,2025-07-05 00:00:00
AZU-1191,83.67,20.29,10.51,72.34,2025-07-06 00:00:00
AZU-1191,89.17,61.2,47,51.4,2025-07-07 00:00:00
AZU-1085,14.89,77.39,23.66,20.26,2025-07-01 00:00:00
AZU-1085,30.5,75.25,21.89,65.17,2025-07-02 00:00:00
AZU-1085,61.63,27.03,36.74,39.69,2025-07-03 00:00:00
AZU-1085,38.24,75.4,44.08,31.22,2025-07-04 00:00:00
AZU-1085,72.6,34.79,25.63,70.73,2025-07-05 00:00:00
AZU-1085,44.15,68.35,21.53,40.28,2025-07-06 00:00:00
AZU-1085,23.44,12.38,10.99,24.61,2025-07-07 00:00:00
AZU-1161,3.56,44.18,29.03,2.11,2025-07-01 00:00:00
AZU-1161,38.37,75.65,44.63,53.98,2025-07-02 00:00:00
AZU-1161,8.31,53.79,28.03,29.18,2025-07-03 00:00:00
AZU-1161,42.73,55.13,4.57,76.31,2025-07-04 00:00:00
AZU-1161,81.44,89.3,35.53,29.36,2025-07-05 00:00:00
AZU-1161,55.03,69.23,31.92,19.55,2025-07-06 00:00:00
AZU-1161,59.53,74.73,23.79,72.98,2025-07-07 00:00:00
RDS-1036,7.36,70.99,49.54,82.12,2025-07-01 00:00:00
RDS-1036,60.08,83.32,41.65,84.74,2025-07-02 00:00:00
RDS-1036,12.72,48.15,23.77,86.44,2025-07-03 00:00:00
RDS-1036,70.21,67.01,1.81,8.1,2025-07-04 00:00:00
RDS-1036,85.86,36.81,42.5,68.24,2025-07-05 00:00:00
RDS-1036,59.23,86.75,47.96,2.76,2025-07-06 00:00:00
RDS-1036,81.52,89.02,24.29,21.81,2025-07-07 00:00:00
EC2-1190,44.68,40.57,2.24,24.83,2025-07-01 00:00:00
EC2-1190,83.18,50.55,9.24,82.33,2025-07-02 00:00:00
EC2-1190,69.82,58.51,24.51,70.56,2025-07-03 00:00:00
EC2-1190,41.77,36.41,2.49,14.63,2025-07-04 00:00:00
EC2-1190,19.76,28.45,33.35,91.42,2025-07-05 00:00:00
EC2-1190,23.9,91.01,9.11,52.41,2025-07-06 00:00:00
EC2-1190,60.01,7.38,25.2,22.18,2025-07-07 00:00:00
AZU-1061,23.38,94.89,1.77,61.65,2025-07-01 00:00:00
AZU-1061,34.42,17.04,19.97,97.12,2025-07-02 00:00:00
AZU-1061,31.26,51.16,45.38,74.85,2025-07-03 00:00:00
AZU-1061,75.59,38.8,47.17,25.69,2025-07-04 00:00:00
AZU-1061,9.66,67.78,49.53,68.21,2025-07-05 00:00:00
AZU-1061,18.13,70.13,44.38,7.81,2025-07-06 00:00:00
AZU-1061,75.14,67.05,11.86,99.69,2025-07-07 00:00:00
RDS-1022,19.85,50.67,41.06,19.33,2025-07-01 00:00:00
RDS-1022,23.7,51.2,35.74,84.07,2025-07-02 00:00:00
RDS-1022,45.62,7.09,1.22,9.63,2025-07-03 00:00:00
RDS-1022,25.38,58.68,9.66,42.5,2025-07-04 00:00:00
RDS-1022,76.43,6.39,39.87,44.01,2025-07-05 00:00:00
RDS-1022,64.35,91.59,3.5,97.92,2025-07-06 00:00:00
RDS-1022,79.74,50.93,30.65,39.15,2025-07-07 00:00:00
GOO-1141,50.1,90.26,5.73,10.86,2025-07-01 00:00:00
GOO-1141,84.77,35.98,42.18,64.98,2025-07-02 00:00:00
GOO-1141,33.47,19.02,44.46,6.82,2025-07-03 00:00:00
GOO-1141,12.09,39.45,17.08,88.09,2025-07-04 00:00:00
GOO-1141,14.72,57.4,14.28,32.1,2025-07-05 00:00:00
GOO-1141,18.15,89.63,10.81,62.11,2025-07-06 00:00:00
GOO-1141,10.53,67.37,18.91,66.73,2025-07-07 00:00:00
AZU-1101,26.93,94.11,35.83,72.12,2025-07-01 00:00:00
AZU-1101,58.77,78.02,44.2,84.95,2025-07-02 00:00:00
AZU-1101,7.86,68.19,30.44,76.56,2025-07-03 00:00:00
AZU-1101,74.83,35.56,9.89,47.17,2025-07-04 00:00:00
AZU-1101,44.7,13.1,1.13,41.97,2025-07-05 00:00:00
AZU-1101,49.51,39.55,36.03,76.82,2025-07-06 00:00:00
AZU-1101,72.86,79.19,28.24,25.08,2025-07-07 00:00:00
S3-1033,17.29,37.62,41.68,0.38,2025-07-01 00:00:00
S3-1033,42.16,37.59,37.81,48.26,2025-07-02 00:00:00
S3-1033,35.75,63.26,22.4,20.84,2025-07-03 00:00:00
S3-1033,25.23,6.89,43.48,33.24,2025-07-04 00:00:00
S3-1033,66.76,39.68,23.42,12.38,2025-07-05 00:00:00
S3-1033,80.45,59.73,5.16,37.26,2025-07-06 00:00:00
S3-1033,72.16,59.07,27.81,52.25,2025-07-07 00:00:00
RDS-1011,69.95,23.1,49.01,98.26,2025-07-01 00:00:00
RDS-1011,53.56,89.74,44.6,99.39,2025-07-02 00:00:00
RDS-1011,32.24,19.3,31.35,66.5,2025-07-03 00:00:00
RDS-1011,50.31,67.26,44,97.24,2025-07-04 00:00:00
RDS-1011,9.27,51.38,42.02,33.22,2025-07-05 00:00:00
RDS-1011,50.41,86.65,37.21,93,2025-07-06 00:00:00
RDS-1011,49.95,62.98,33.87,82.76,2025-07-07 00:00:00
GOO-1194,38.38,77.49,17.14,7.71,2025-07-01 00:00:00
GOO-1194,3.02,67.44,17.35,40.38,2025-07-02 00:00:00
GOO-1194,85.15,34.52,25.42,5.09,2025-07-03 00:00:00
GOO-1194,52.88,80.42,44.81,32.25,2025-07-04 00:00:00
GOO-1194,7.35,57.92,43.67,10.33,2025-07-05 00:00:00
GOO-1194,27.22,88.5,48.4,31.99,2025-07-06 00:00:00
GOO-1194,65.01,93.55,42.53,35.45,2025-07-07 00:00:00
RDS-1159,23.99,29.58,22.82,38.61,2025-07-01 00:00:00
RDS-1159,2.19,40.83,34.59,49.54,2025-07-02 00:00:00
RDS-1159,55.05,57.51,21.41,29.94,2025-07-03 00:00:00
RDS-1159,35.1,17.19,29.41,83.11,2025-07-04 00:00:00
RDS-1159,47.37,74.24,11.92,93.28,2025-07-05 00:00:00
RDS-1159,2.97,58.68,27.08,98.5,2025-07-06 00:00:00
RDS-1159,15.71,45.69,33.52,48.86,2025-07-07 00:00:00
S3-1006,65.54,72.6,43.74,4.55,2025-07-01 00:00:00
S3-1006,46.84,87.66,11.66,44.82,2025-07-02 00:00:00
S3-1006,80.01,90.17,5.17,4.3,2025-07-03 00:00:00
S3-1006,7.63,5.92,35.07,79.42,2025-07-04 00:00:00
S3-1006,6.9,52.36,20.94,86.42,2025-07-05 00:00:00
S3-1006,9.39,42.15,2.15,89.2,2025-07-06 00:00:00
S3-1006,18.84,30.17,18.1,74.91,2025-07-07 00:00:00
GOO-1027,80.25,78.7,41.51,1.02,2025-07-01 00:00:00
GOO-1027,52.51,62.44,22.53,49.44,2025-07-02 00:00:00
GOO-1027,29.84,35.23,2.06,58.75,2025-07-03 00:00:00
GOO-1027,68.15,61.9,17.13,17.32,2025-07-04 00:00:00
GOO-1027,68.82,30.87,27.91,88.02,2025-07-05 00:00:00
GOO-1027,54.17,63.37,3.81,83.1,2025-07-06 00:00:00
GOO-1027,69.01,11.1,34.17,66.56,2025-07-07 00:00:00
RDS-1120,21.82,25.47,44.44,66.89,2025-07-01 00:00:00
RDS-1120,61.92,73.01,8.78,42.52,2025-07-02 00:00:00
RDS-1120,42.45,67.91,43.58,84.6,2025-07-03 00:00:00
RDS-1120,88.97,85.05,23.7,14.21,2025-07-04 00:00:00
RDS-1120,69.24,54.28,6.83,86.83,2025-07-05 00:00:00
RDS-1120,68.21,70.56,23.9,39.69,2025-07-06 00:00:00
RDS-1120,42.02,40.99,11.88,43.01,2025-07-07 00:00:00
